threads_requested,threads_used,compute_ms,frame_ms
1,1,10.024445802264381,10.033733201271389
2,2,5.369991598126944,5.377504198986571
4,4,4.371008199814241,4.381679001380689
8,8,2.8648999010329135,2.8709624995826744
