threads_requested,threads_used,compute_ms,frame_ms,compute_speedup,frame_speedup
1,1,9.305388996532807,9.313222331305345,1.0,1.0
2,2,4.9402363317009685,4.947486333549023,1.8835918712675992,1.882414968617935
4,4,2.8087639996859557,2.8149863404299444,3.3129835748297936,3.3084431698815626
8,8,2.2891390011257804,2.29505566918912,4.065017018169928,4.057950513503603
