threads_requested,threads_used,compute_ms,frame_ms,baseline_compute_ms,baseline_frame_ms,compute_speedup,frame_speedup
1,1,9.864941796695348,9.874383598798886,1938.9159583006403,1938.9286205972894,196.5461123095685,196.35945891682186
2,2,5.210116498346906,5.217983099282719,1938.9159583006403,1938.9286205972894,372.14445375949464,371.5858376129698
4,4,3.4664915991015732,3.4753125029965304,1938.9159583006403,1938.9286205972894,559.330926635783,557.9148979913261
8,8,2.4481957996613346,2.4556081974878907,1938.9159583006403,1938.9286205972894,791.9774874905249,789.59201332722
